auc,pr_auc,recall,precision,threshold,n_eval,tn,fp,fn,tp
0.8651714121309978,0.6198491208924517,0.48072597137014317,0.6573226144704649,0.5,83538,59076,4902,10157,9403
