auc,pr_auc,recall,precision,threshold,n_eval,tn,fp,fn,tp
0.5379397284981314,0.9566596216630721,0.9939703903095558,0.9495474182267023,0.5,19560,4,981,112,18463
