auc,pr_auc,recall,precision,threshold,n_eval,tn,fp,fn,tp
0.8651714113318989,0.6198491199381232,0.48072597137014317,0.6573226144704649,0.5,83538,59076,4902,10157,9403
