auc,pr_auc,recall,precision,threshold,n_eval,tn,fp,fn,tp
0.8628723425524197,0.5949408157837333,0.48118438761776583,0.6289936664320901,0.5,83538,59691,5272,9637,8938
