task,recall
task1_discharge,0.48072597137014317
task2_no_return72_masked,0.9939703903095558
joint_both_positive,0.48118438761776583
