auc,pr_auc,recall,precision,threshold,n_eval,tn,fp,fn,tp
0.8497193650843409,0.5653099548676582,0.7672006516426826,0.46096120591210155,0.5,84657,49721,16521,4287,14128
