auc,pr_auc,recall,precision,threshold,n_eval,tn,fp,fn,tp
0.8645482565453692,0.6148780304668152,0.8701646090534979,0.4691200532460689,0.5,84657,46074,19143,2524,16916
