auc,pr_auc,recall,precision,threshold,n_eval,tn,fp,fn,tp
0.6364960166354311,0.9675401179987706,0.860657073038284,0.9547590361445784,0.5,19440,274,751,2566,15849
