task,recall
task1_discharge,0.8701646090534979
task2_no_return72_masked,0.860657073038284
joint_both_positive,0.7672006516426826
