task,recall
task1_discharge,0.6366053169734152
task2_no_return72_masked,0.9997846567967699
joint_both_positive,0.6409152086137281
