auc,pr_auc,recall,precision,threshold,n_eval,tn,fp,fn,tp
0.8938049084772943,0.6925366333237087,0.8599182004089979,0.5413408001029899,0.5,83538,49727,14251,2740,16820
