auc,pr_auc,recall,precision,threshold,n_eval,tn,fp,fn,tp
0.882093385842638,0.6303367564223706,0.7630686406460296,0.5364469003103475,0.5,83538,52715,12248,4401,14174
