auc,pr_auc,recall,precision,threshold,n_eval,tn,fp,fn,tp
0.6356235593116123,0.9673571806769261,0.8423687752355317,0.9578818487909397,0.5,19560,297,688,2928,15647
