task,recall
task1_discharge,0.8599182004089979
task2_no_return72_masked,0.8423687752355317
joint_both_positive,0.7630686406460296
