auc,pr_auc,recall,precision,threshold,n_eval,tn,fp,fn,tp
0.9384737753240069,0.7562901513904685,0.8656716417910447,0.5370370370370371,0.5,386,269,50,9,58
