auc,pr_auc,recall,precision,threshold,n_eval,tn,fp,fn,tp
0.890302014964145,0.6672804309061333,0.6248721399730821,0.6454788121454789,0.5,83538,58588,6375,6968,11607
