auc,pr_auc,recall,precision,threshold,n_eval,tn,fp,fn,tp
0.8927943405392229,0.690975686557367,0.6205010224948875,0.6749527305082861,0.5,83538,58133,5845,7423,12137
