auc,pr_auc,recall,precision,threshold,n_eval,tn,fp,fn,tp
0.6438243641158427,0.9697126859435666,1.0,0.9496421267893661,0.5,19560,0,985,0,18575
