auc,pr_auc,recall,precision,threshold,n_eval,tn,fp,fn,tp
0.6524625506418621,0.9701866838237979,0.9993001345895021,0.9499002098152602,0.5,19560,6,979,13,18562
