auc,pr_auc,recall,precision,threshold,n_eval,tn,fp,fn,tp
0.8498049700472422,0.5848824584724731,0.4868909825033647,0.5926605504587156,0.5,83538,58747,6216,9531,9044
