auc,pr_auc,recall,precision,threshold,n_eval,tn,fp,fn,tp
0.8497027795885358,0.6012708051074453,0.4780163599182004,0.6127129750982963,0.5,83538,58068,5910,10210,9350
