task,recall
task1_discharge,0.4780163599182004
task2_no_return72_masked,0.9993001345895021
joint_both_positive,0.4868909825033647
