epoch,train_loss_survival,train_loss_task2_masked,train_loss_total,val_loss_survival,val_loss_task2_masked,val_loss_total
1,0.4176725653427009,0.18876955888419192,0.6064421242718693,0.4342033593665756,0.18678888573997007,0.6209922451074485
2,0.4067067119954379,0.18933880646096923,0.5960455182826773,0.41592318990226734,0.1883113908514171,0.6042345809956567
3,0.4096025329579939,0.18210706378723104,0.5917095966221491,0.42895096839756364,0.18780905848221832,0.6167600273307714
4,0.3874063931894746,0.17989988106139407,0.5673062739874075,0.42363607081378324,0.1875691766436679,0.6112052472037414
5,0.38448006583928734,0.17788777470619038,0.5623678404599006,0.43496397865048625,0.19010325019950725,0.6250672286779946
