auc,pr_auc,recall,precision,threshold,n_eval,tn,fp,fn,tp
0.881916267110449,0.6279088019534583,0.7611843876177659,0.5393477016975015,0.5,83538,52887,12076,4436,14139
