auc,pr_auc,recall,precision,threshold,n_eval,tn,fp,fn,tp
0.8941941543076446,0.6935801606166523,0.8577709611451942,0.5434698108318217,0.5,83538,49884,14094,2782,16778
