auc,pr_auc,recall,precision,threshold,n_eval,tn,fp,fn,tp
0.6349941723428821,0.9675241715974934,0.8432839838492597,0.9588638589618022,0.5,19560,313,672,2911,15664
