auc,pr_auc,recall,precision,threshold,n_eval,tn,fp,fn,tp
0.6324360973143587,0.9679517237454938,0.8499596231493943,0.9583004552352049,0.5,19560,298,687,2787,15788
