auc,pr_auc,recall,precision,threshold,n_eval,tn,fp,fn,tp
0.8824600432560131,0.6316371309034968,0.7668909825033647,0.5357075702305292,0.5,83538,52617,12346,4330,14245
