auc,pr_auc,recall,precision,threshold,n_eval,tn,fp,fn,tp
0.8945576735509989,0.694675909863643,0.8597648261758691,0.5422040237296879,0.5,83538,49779,14199,2743,16817
