task,precision,recall,pr_auc,auc
task1_discharge,0.5422040237296879,0.8597648261758691,0.694675909863643,0.8945576735509989
task2_no_return72_masked,0.9583004552352049,0.8499596231493943,0.9679517237454938,0.6324360973143587
joint_both_positive,0.5357075702305292,0.7668909825033647,0.6316371309034968,0.8824600432560131
