task,recall
task1_discharge,0.8597648261758691
task2_no_return72_masked,0.8499596231493943
joint_both_positive,0.7668909825033647
