task,recall
task1_discharge,0.8577709611451942
task2_no_return72_masked,0.8432839838492597
joint_both_positive,0.7611843876177659
